"","CO.GT.","NOx.GT.","PT08.S5.O3.","T","RH","PAN_proxy","HONO_proxy","SAPRC_proxy"
"CO.GT.",1,0.790642909048167,0.825322887340429,0.0195381037697235,0.012811584735511,0.80221270641789,0.719666321730528,0.816862549712247
"NOx.GT.",0.790642909048167,1,0.774333722984013,-0.25732109705436,0.17767168823554,0.937749030569682,0.91401152272956,0.948673585312611
"PT08.S5.O3.",0.825322887340429,0.774333722984013,1,-0.0289696589797285,0.087052724801228,0.866202324968403,0.701587369902802,0.876712330212996
"T",0.0195381037697235,-0.25732109705436,-0.0289696589797285,1,-0.570775377113553,-0.23097924249925,-0.225283033548543,-0.233843826619045
"RH",0.012811584735511,0.17767168823554,0.087052724801228,-0.570775377113553,1,0.165574166509401,-0.151737228073467,0.179977818483347
"PAN_proxy",0.80221270641789,0.937749030569682,0.866202324968403,-0.23097924249925,0.165574166509401,1,0.859922176239296,0.988075099818465
"HONO_proxy",0.719666321730528,0.91401152272956,0.701587369902802,-0.225283033548543,-0.151737228073467,0.859922176239296,1,0.865223519416365
"SAPRC_proxy",0.816862549712247,0.948673585312611,0.876712330212996,-0.233843826619045,0.179977818483347,0.988075099818465,0.865223519416365,1
